<?xml version="1.0" encoding="UTF-8"?>
<classpath>
	<classpathentry kind="src" path="src"/>
	<classpathentry kind="con" path="org.eclipse.jdt.launching.JRE_CONTAINER/org.eclipse.jdt.internal.debug.ui.launcher.StandardVMType/JavaSE-1.7"/>
	<classpathentry kind="lib" path="LIB/jung-3d-2.0.1.jar"/>
	<classpathentry kind="lib" path="LIB/jung-3d-demos-2.0.1.jar"/>
	<classpathentry kind="lib" path="LIB/jung-algorithms-2.0.1.jar"/>
	<classpathentry kind="lib" path="LIB/jung-api-2.0.1.jar"/>
	<classpathentry kind="lib" path="LIB/jung-graph-impl-2.0.1.jar"/>
	<classpathentry kind="lib" path="LIB/jung-io-2.0.1.jar"/>
	<classpathentry kind="lib" path="LIB/jung-jai-2.0.1.jar"/>
	<classpathentry kind="lib" path="LIB/jung-jai-samples-2.0.1.jar"/>
	<classpathentry kind="lib" path="LIB/jung-samples-2.0.1.jar"/>
	<classpathentry kind="lib" path="LIB/jung-visualization-2.0.1.jar"/>
	<classpathentry kind="lib" path="LIB/collections-generic-4.01.jar"/>
	<classpathentry kind="output" path="bin"/>
</classpath>
